<?xml version="1.0" encoding="UTF-8"?>
<SplashApplications xmlns="http://chipnet.qualcomm.com/aggregator/splashApplications/v1.0">
     <Bundle>
          <BundleID>0b01003980a887cf</BundleID>
          <BundleName>QPST Bundle</BundleName>
          <BundleUrl>https://createpoint.qti.qualcomm.com/tools/#suite/0b01003980a887cf</BundleUrl>
          <ReleaseID>0b0100398208bc6f</ReleaseID>
          <CreatePointUrl>https://createpoint.qti.qualcomm.com/tools/link/suite/0b01003980a887cf/0b0100398208bc6f</CreatePointUrl>
          <UpdateCheckUrl>https://createpoint.qti.qualcomm.com/service/public/suite/latest?suiteId=0b01003980a887cf&amp;releaseId=0b0100398208bc6f</UpdateCheckUrl>
     </Bundle>
     <Applications>
          <Application>
               <Name>Qualcomm Product Support Tool</Name>
               <Version>2.7.448.0</Version>
               <Copyright endYear="2016" startYear="1999"/>
               <SplashImage>./QPSTServer.png</SplashImage>
          </Application>
     </Applications>
</SplashApplications>
